<?xml version="1.0" encoding="UTF-8"?>
<!-- This file stores a copy of all RSE Systems referenced by the project 
so the systems can be automatically recreated when the project is imported in a new workspace. 
This file is automatically generated and updated by the Eclipse IDE.-->
<APSC_Memento>
<host>
<properties>
<property key="hidden.applicator.com.freescale.debugger.applicator.launchconfiguration.lc.com_arduino_demoqe_FLASH_PnE U-MultiLink.proj.com_arduino_demoqe" value="com.freescale.debugger.applicator.launchconfiguration.lc.com_arduino_demoqe_FLASH_PnE U-MultiLink.proj.com_arduino_demoqe"/>
<property key="host.address" value=""/>
<property key="host.defaultEncoding" value=""/>
<property key="host.defaultUser" value="Monster"/>
<property key="host.description" value=""/>
<property key="host.name" value="com_arduino_demoqe_FLASH_PnE U-MultiLink"/>
<property key="host.promptable" value="false"/>
<property key="host.type" value="com.freescale.cdt.debug.cw.core.ui.rse.systemtype.bareboard.hardware"/>
<property key="propertySet.[OptionalPropertySet].enableConnectorServicesPropertyPage" value="false"/>
<property key="propertySet.[OptionalPropertySet].enableGenericHostPropertyPage" value="false"/>
<property key="propertySet.[com.pemicro.mcu.debug.connections.pne.hcs08].com.freescale.cdt.debug.cw.core.settings.GdiConnection.Common.PhysicalConnectionAttributeBase" value="com.pemicro.mcu.debug.connections.pne.hcs08."/>
<property key="propertySet.[com.pemicro.mcu.debug.connections.pne.hcs08].com.pemicro.mcu.debug.connections.pne.hcs08.CommandLineArgs" value="[hcs08_icd]"/>
<property key="propertySet.[com.pemicro.mcu.debug.connections.pne.hcs08].com.pemicro.mcu.debug.connections.pne.hcs08.Library" value="hcs08_pne_gdi"/>
<property key="propertySet.[com.pemicro.mcu.debug.connections.pne.hcs08].com.pemicro.mcu.debug.connections.pne.hcs08.STARTUP_PORT" value="21"/>
<property key="propertySet.[com.pemicro.mcu.debug.connections.pne.hcs08].com.pemicro.mcu.debug.connections.pne.hcs08.STARTUP_interface_selection" value="1"/>
<property key="propertySet.[cw.dbg.conn].rseSystemId" value="com.freescale.cdt.debug.cw.core.ui.rse.systemtype.bareboard.hardware.system.180225234700-0430"/>
<property key="propertySet.[cw.dbg.ct.bareboard.gdi].logData" value="false"/>
<property key="propertySet.[cw.dbg.ct.targetConnLost].RetryConnectionOn" value="false"/>
<property key="propertySet.[cw.dbg.ct.targetConnLost].RetryTimeout" value="20"/>
<property key="propertySet.[cw.dbg.ct.targetConnLost].RetryWithTimeoutOn" value="false"/>
<property key="propertySet.[cw.dbg.ct.targetConnLost].TerminateConnectionOn" value="false"/>
<property key="propertySet.[cw.dbg.ct.targetConnLost].retryPromptUserActionOn" value="true"/>
<property key="propertySet.[cw.dbg.ct].Connection Type" value="com.pemicro.mcu.debug.connections.pne.hcs08"/>
<property key="propertySet.[cw.ide.settingscache].hidden.HostID" value="com.freescale.cdt.debug.cw.core.ui.rse.systemtype.bareboard.hardware.180225234700-0430"/>
<property key="propertySet.[cw.ide.settingscache].hidden.TimeStamp" value="1519618627374"/>
</properties>
</host>
<host>
<properties>
<property key="host.address" value=""/>
<property key="host.defaultEncoding" value=""/>
<property key="host.defaultUser" value="Monster"/>
<property key="host.description" value=""/>
<property key="host.name" value="com_arduino_demoqe_FLASH_PnE U-MultiLink Target"/>
<property key="host.promptable" value="false"/>
<property key="host.type" value="com.freescale.cdt.debug.cw.core.ui.rse.systemtype.bareboard.hardware.system"/>
<property key="propertySet.[OptionalPropertySet].enableConnectorServicesPropertyPage" value="false"/>
<property key="propertySet.[OptionalPropertySet].enableGenericHostPropertyPage" value="false"/>
<property key="propertySet.[cw.dbg.ct.bareboard].enableHSSTIOModelConfig" value="false"/>
<property key="propertySet.[cw.dbg.ct.bareboard].enableNetworkIOModelConfig" value="false"/>
<property key="propertySet.[cw.dbg.ct.bareboard].enableSerialIOModelConfig" value="false"/>
<property key="propertySet.[cw.dbg.ct.bareboard].enableStopTransferIOModelConfig" value="true"/>
<property key="propertySet.[cw.dbg.ct.bareboard].ethernetController" value="UEC1"/>
<property key="propertySet.[cw.dbg.ct.bareboard].executeReset" value="false"/>
<property key="propertySet.[cw.dbg.ct.bareboard].initPath" value=""/>
<property key="propertySet.[cw.dbg.ct.bareboard].memConfigPath" value="${ProjDirPath}/Project_Settings/Debugger/MC9S08QE128.mem"/>
<property key="propertySet.[cw.dbg.ct.bareboard].networkDebuggerAddress" value="127.0.0.1"/>
<property key="propertySet.[cw.dbg.ct.bareboard].networkGateway" value="127.0.0.1"/>
<property key="propertySet.[cw.dbg.ct.bareboard].networkMACAddress" value="**-**-**-**-**-**"/>
<property key="propertySet.[cw.dbg.ct.bareboard].networkNetMask" value="255.255.255.255"/>
<property key="propertySet.[cw.dbg.ct.bareboard].networkTargetAddress" value="127.0.0.1"/>
<property key="propertySet.[cw.dbg.ct.bareboard].networkUDPPort" value="1234"/>
<property key="propertySet.[cw.dbg.ct.bareboard].noIOModelConfig" value="false"/>
<property key="propertySet.[cw.dbg.ct.bareboard].runOutOfReset" value="false"/>
<property key="propertySet.[cw.dbg.ct.bareboard].targetIsPalladium" value="false"/>
<property key="propertySet.[cw.dbg.ct.bareboard].useInitFile" value="false"/>
<property key="propertySet.[cw.dbg.ct.bareboard].useMemoryConfigFile" value="true"/>
<property key="propertySet.[cw.dbg.ct.bareboard].useNetworkGateway" value="false"/>
<property key="propertySet.[cw.dbg.ct.bareboard].useNetworkMACAddress" value="false"/>
<property key="propertySet.[cw.dbg.ct.bareboard].useNetworkUDPPort" value="false"/>
<property key="propertySet.[cw.dbg.main].systemType" value="com.freescale.cw.system.hcs08.HCS08QE.MC9S08QE128"/>
<property key="propertySet.[cw.ide.settingscache].hidden.HostID" value="com.freescale.cdt.debug.cw.core.ui.rse.systemtype.bareboard.hardware.system.180225234700-0430"/>
<property key="propertySet.[cw.ide.settingscache].hidden.TimeStamp" value="1519618627374"/>
</properties>
</host>
</APSC_Memento>